SampleID,Target
valid1,-0.62559118659118662
valid2,-0.98499999999999999
valid3,-0.92199134199134203
valid4,-1.0
valid5,-0.11657575757575758
valid6,-0.79261904761904756
valid7,0.37353669378437176
valid8,-0.1294597232832527
valid9,0.86666666666666659
valid10,-0.95999999999999996
valid11,-1.0
valid12,-0.62097291597291604
valid13,-0.94545454545454544
valid14,1.0
valid15,-0.80393894993894999
valid16,-0.97599999999999998
valid17,-0.9826666666666668
valid18,-0.98799999999999999
valid19,-0.55768542568542567
valid20,-0.77162393162393172
valid21,-0.91672494172494179
valid22,-0.80437229437229452
valid23,-0.31885347985347989
valid24,-0.6412731386260796
valid25,-1.0
valid26,0.80400000000000005
valid27,-0.49908459514341869
valid28,0.81875213675213676
valid29,-0.26138772338772337
valid30,-0.53539360639360645
valid31,-0.22713500878206755
valid32,-1.0
valid33,-0.17854034854034859
valid34,-0.88800000000000012
valid35,-0.16277145077145075
valid36,-0.92428571428571427
valid37,-0.52223406658700777
valid38,0.78549999999999998
valid39,1.0
valid40,-0.82548340548340549
valid41,0.63319624819624809
valid42,-0.98999999999999999
valid43,-0.79661268556005393
valid44,0.99428571428571433
valid45,0.13395193695193697
valid46,-0.90761904761904755
valid47,-0.51654533718775186
valid48,-0.9883333333333334
valid49,-0.88675757575757574
valid50,-0.92000000000000004
valid51,-1.0
valid52,-0.85096736596736589
valid53,-1.0
valid54,-1.0
valid55,0.98012698412698418
valid56,-1.0
valid57,0.40472305472305481
valid58,-0.4436268176268176
valid59,-0.99428571428571433
valid60,-0.93142857142857138
valid61,-0.44049306249306242
valid62,-0.15749783549783555
valid63,-1.0
valid64,-0.15171428571428572
valid65,0.9305050505050505
valid66,-1.0
valid67,-0.071271173271173272
valid68,-0.33025335775335773
valid69,-0.41001623213387917
valid70,-0.63425396825396829
valid71,-0.87672727272727269
valid72,-0.19073160826102009
valid73,-0.98495238095238091
valid74,0.26417460317460317
valid75,-0.3610714285714286
valid76,-0.28599245199245205
valid77,-0.25612899673425993
valid78,1.0
valid79,0.82555182072829136
valid80,-0.94033333333333335
valid81,0.99272727272727279
valid82,-0.19157142857142859
valid83,-0.72347718947718942
valid84,0.30310422910422913
valid85,-0.9270303030303032
valid86,0.14315262515262517
valid87,-0.79306060606060613
valid88,0.21300738150738155
valid89,0.21687814473108596
valid90,0.7772820512820513
valid91,-0.66817035905271183
valid92,-0.99555555555555553
valid93,-0.24550832500832503
valid94,-0.61082967032967028
valid95,-0.91114285714285725
valid96,-0.90772727272727283
valid97,-0.995
valid98,0.1486333111333111
valid99,0.29134151469445585
valid100,-0.73771495171495172
valid101,0.13518463236110295
valid102,1.0
valid103,-1.0
valid104,-1.0
valid105,-0.8076556776556777
valid106,-0.76145121545121552
valid107,-0.4221083361083362
valid108,-0.51193939393939403
valid109,-0.82451024998393407
valid110,-0.57806009676597914
valid111,-1.0
valid112,0.40506204906204907
valid113,1.0
valid114,0.89628571428571435
valid115,-0.88200000000000001
valid116,-0.94024132730015098
valid117,-0.71425252525252536
valid118,-0.95999999999999996
valid119,-0.56858111822817714
valid120,-0.63797646797646801
valid121,-1.0
valid122,-0.68841269841269837
valid123,-0.98057142857142854
valid124,-0.2026221164456459
valid125,-0.5239411699411699
valid126,-0.86066666666666658
valid127,-0.21002307908809453
valid128,-0.71666282736870979
valid129,-0.36419724719724728
valid130,-0.61286790986790995
valid131,-0.89103230103230091
valid132,-0.54097104855928391
valid133,-0.95666666666666667
valid134,-0.7123506493506494
valid135,-0.8411428571428573
valid136,-1.0
valid137,-0.56481451881451883
valid138,-0.35000660450660454
valid139,-0.98333333333333328
valid140,0.3493034743034743
valid141,-0.93098268398268391
valid142,-0.88381818181818173
valid143,-0.98999999999999999
valid144,-0.91697902097902106
valid145,-1.0
valid146,-0.52732600732600732
valid147,0.84064698699992835
valid148,-0.98666666666666658
valid149,-0.75189199689199682
valid150,-0.27146262560968437
valid151,-0.62384515484515479
valid152,-0.61429897879897899
valid153,0.27244011544011548
valid154,-0.87333333333333329
valid155,-0.97956043956043959
valid156,-0.070409642644936751
valid157,0.3851778221778222
valid158,-0.95400000000000007
valid159,-0.64686291486291492
valid160,-0.93243201243201246
valid161,-1.0
valid162,0.31240903540903547
valid163,-0.7863636363636366
valid164,1.0
valid165,-0.6007741147741148
valid166,-0.98266666666666669
valid167,0.58543867243867243
valid168,-0.58613696760755585
valid169,-0.94494949494949498
valid170,0.5921572871572871
valid171,-0.77783150183150196
valid172,-0.86528503075871488
valid173,-0.23710140753639203
valid174,-0.61434431255019495
valid175,-0.44722377622377624
valid176,-0.32766883116883122
valid177,-0.89334238980833403
valid178,0.25596806702069863
valid179,0.80431252081252114
valid180,0.89266666666666661
valid181,-0.59549494949494952
valid182,-0.99428571428571433
valid183,0.54940759240759252
valid184,0.17147878265525324
valid185,-0.93999999999999995
valid186,-0.57123076923076921
valid187,0.0096451914098972802
valid188,-0.98857142857142866
valid189,-0.35066361416361419
valid190,-0.72445238095238096
valid191,-1.0
valid192,-0.089784881784881782
valid193,-0.86850159489633183
valid194,-0.78523809523809507
valid195,-0.75948484848484843
valid196,-0.055684668272903561
valid197,-0.91584126984126979
valid198,-0.85066666666666668
valid199,-0.58357677616501158
valid200,-1.0
valid201,-0.058242146742146748
valid202,-0.99428571428571433
valid203,-1.0
valid204,0.39323255176196353
valid205,0.97317819435466502
valid206,0.27982905982905987
valid207,-0.83973193473193475
valid208,0.47887912087912093
valid209,-0.50356388056388057
valid210,-0.42990309037367858
valid211,-0.46010606060606057
valid212,-1.0
valid213,-0.87496103896103905
valid214,-0.0026148296148296125
valid215,-0.995
valid216,-1.0
valid217,0.98461538461538456
valid218,-0.72973762202709569
valid219,-0.98285714285714276
valid220,-0.63072716172716181
valid221,-1.0
valid222,-0.97333333333333338
valid223,-0.66628438228438247
valid224,-0.5925269730269731
valid225,-0.64200896179843536
valid226,1.0
valid227,-0.76464080364080378
valid228,-0.14430419580419582
valid229,-0.96435897435897444
valid230,-1.0
valid231,-0.93857142857142861
valid232,-0.95692307692307699
valid233,-0.80658441558441551
valid234,-0.48731512931512938
valid235,-0.48616983016983012
valid236,-0.80857142857142861
valid237,-0.80623809523809509
valid238,-0.63264868464868473
valid239,-0.83033333333333337
valid240,-0.82520634920634917
valid241,-0.93333333333333324
valid242,-0.60251381951381944
valid243,-0.85999999999999999
valid244,-0.61823552763026446
valid245,-0.70530952380952372
valid246,-0.63181351981351963
valid247,0.8316277056277056
valid248,-0.095177447595404252
valid249,1.0
valid250,-0.68561571761571771
valid251,-0.64013419913419922
valid252,0.74697746697746714
valid253,0.53820879120879117
valid254,-0.74266666666666648
valid255,-0.98285714285714276
valid256,-0.91058585858585861
valid257,-0.63313952713952715
valid258,-0.90464935064935081
valid259,-0.90508913308913319
valid260,-0.87734238980833412
valid261,-0.85392063492063486
valid262,-1.0
valid263,-0.78852564102564116
valid264,-0.82799999999999996
valid265,-0.89600000000000013
valid266,-0.7242039724980901
valid267,-0.58512337662337666
valid268,1.0
valid269,-0.12769047619047622
valid270,-0.89139682539682541
valid271,-0.70429725829725842
valid272,-0.86431601731601748
valid273,0.97999999999999998
valid274,0.80772727272727263
valid275,0.5310507662272369
valid276,-0.98222222222222233
valid277,-0.96571428571428575
valid278,-0.4346031746031746
valid279,-0.90600066600066609
valid280,-0.74092063492063498
valid281,-0.87680808080808081
valid282,-1.0
valid283,-0.58918037518037525
valid284,-0.59544097079391212
valid285,-0.44178821178821182
valid286,0.43938639791580969
valid287,-0.96719003219003208
valid288,-0.61729426129426124
valid289,-1.0
valid290,-0.96999999999999997
valid291,-0.75385281385281377
valid292,-0.32677084027084019
valid293,-0.51907647907647914
valid294,-1.0
valid295,0.96686868686868688
valid296,-0.92266666666666663
valid297,-1.0
valid298,-0.2034193584193584
valid299,-0.91000000000000003
valid300,0.46764670297023242
valid301,-0.43657264957264957
valid302,-0.68158974358974367
valid303,0.83093506493506497
valid304,-0.12347585747585745
valid305,-0.12230236430236427
valid306,0.023063707534295767
valid307,0.49055033855033853
valid308,-0.674941724941725
valid309,-0.74746497946497936
valid310,-0.79522222222222227
valid311,-0.83165811965811987
valid312,0.85301831501831504
valid313,-0.98857142857142866
valid314,-0.75296825396825395
valid315,-0.68517316017316032
valid316,-0.28056065571855049
valid317,-0.702922854922855
valid318,-0.62619513819513817
valid319,-0.09764123148952869
valid320,-0.87190476190476185
valid321,-0.71545030133265441
valid322,-0.64948549163255054
valid323,-0.29974175824175825
valid324,-0.56270562770562771
valid325,-0.62017271617271619
valid326,0.80983549783549791
valid327,-0.62400616050616042
valid328,-0.73935157652804728
valid329,-0.99111111111111116
valid330,-0.99555555555555553
valid331,-1.0
valid332,0.10087872258460497
valid333,-0.4433820156451736
valid334,-1.0
valid335,-0.8790842490842492
valid336,0.65160195360195361
valid337,0.66495793095793099
valid338,-0.76164289958407605
valid339,-0.52120512820512821
valid340,-0.50157792207792218
valid341,-0.67724630924630924
valid342,-0.39299392764098634
valid343,-0.52755555555555556
valid344,-0.97999999999999998
valid345,-0.82610612916495285
valid346,-0.28315436850730963
valid347,-0.33782739482739482
valid348,-0.94428571428571428
valid349,-0.82416849816849824
valid350,-0.40206093906093904
valid351,-0.1074920634920635
valid352,-0.57832134532134538
valid353,-1.0
valid354,-0.64451104451104457
valid355,-0.6138126318126319
valid356,0.99555555555555553
valid357,-0.59878427128427136
valid358,-0.77549206349206345
valid359,-0.54181818181818175
valid360,-0.83769696969696961
valid361,-0.7658008658008657
valid362,0.76948329448329456
valid363,0.51971223221223217
valid364,0.79002308802308818
valid365,-0.32139793539793543
valid366,-0.67285936285936276
valid367,-1.0
valid368,0.49198201798201796
valid369,-0.98129870129870145
valid370,-0.60001465201465209
valid371,0.5339893994893995
valid372,-0.59973726273726269
valid373,-0.076875722316898779
valid374,-0.76317460317460306
valid375,0.26191558441558438
valid376,-1.0
valid377,-1.0
valid378,0.38306564024211087
valid379,-0.12380386280386282
valid380,-0.79546153846153844
valid381,-0.74346053946053958
valid382,-0.77417437138025391
valid383,-0.70585714285714285
valid384,-0.20112301097595214
valid385,-0.86709090909090913
valid386,-0.81058874458874453
valid387,-1.0
valid388,-0.64131501831501836
valid389,-0.8484242424242423
valid390,-0.90666666666666673
valid391,-0.92412121212121223
valid392,-0.95999999999999996
valid393,-0.59068975468975471
valid394,-0.54902797202797204
valid395,0.91949450549450551
valid396,-0.39815408774232303
valid397,-0.60835431235431237
valid398,-0.98466666666666669
valid399,-0.49441491841491841
valid400,-0.87333333333333329
valid401,0.16889780154486039
valid402,0.12521385477267832
valid403,-0.86142857142857143
valid404,-0.98666666666666669
valid405,-0.66576190476190478
valid406,-0.96644444444444444
valid407,-0.63689466089466107
valid408,-1.0
valid409,-0.60349743239216924
valid410,-0.92190476190476189
valid411,-0.45890476190476187
valid412,0.9394285714285715
valid413,-0.33010711510711516
valid414,-0.85014285714285709
valid415,-0.37546024563671621
valid416,1.0
valid417,-0.92873949579831949
valid418,-1.0
valid419,0.0054230148936031284
valid420,0.93337912087912089
valid421,-0.95999999999999996
valid422,-1.0
valid423,0.13048947784241899
valid424,-0.51193772893772893
valid425,-0.39078180642886529
valid426,-0.995
valid427,0.1641452991452991
valid428,-0.21493523143523141
valid429,-0.90428571428571447
valid430,1.0
valid431,-0.33864550361918788
valid432,0.23378554778554775
valid433,-0.48649597787833082
valid434,-0.61142568542568543
valid435,-0.60023342670401503
valid436,-1.0
valid437,-0.8331794871794872
valid438,1.0
valid439,-1.0
valid440,-0.53851798201798207
valid441,-0.63843401043401049
valid442,-0.77306349206349223
valid443,-0.32439826839826841
valid444,-0.78478043525102348
valid445,1.0
valid446,-0.52295970695970695
valid447,-0.3286284826284826
valid448,-0.91958585858585862
valid449,-0.73171428571428565
valid450,-1.0
valid451,0.69749191984486114
valid452,-0.64075986586512901
valid453,-0.91733333333333333
valid454,0.95999999999999996
valid455,0.38010878010878008
valid456,-0.95466666666666666
valid457,-0.85299999999999998
valid458,0.097161005661005662
valid459,-1.0
valid460,-0.79889980607627675
valid461,-1.0
valid462,-0.36100510600510605
valid463,-0.9840000000000001
valid464,-1.0
valid465,0.5410712387028177
valid466,-0.65136779886779872
valid467,-0.83025396825396824
valid468,-0.19060095460095458
valid469,-0.78674125874125878
valid470,-0.28335949671243787
valid471,-0.97999999999999998
valid472,0.7143976023976023
valid473,0.93599999999999994
valid474,-0.9025152625152626
valid475,-0.93133333333333324
valid476,-0.52132423132423122
valid477,-0.93301587301587308
valid478,0.13169213827108564
valid479,-0.89000000000000001
valid480,-0.20490892440892439
valid481,-0.15648351648351649
valid482,-0.78558227393521518
valid483,-0.2456187146187146
valid484,0.60424575424575422
valid485,-0.80051282051282047
valid486,-0.52914859650153767
valid487,-0.58666916416916426
valid488,-0.95999999999999996
valid489,-0.84224009324009319
valid490,0.14369624819624818
valid491,-0.63061941567204716
valid492,-0.35104961704961696
valid493,-0.82292911010558067
valid494,-0.6643145743145743
valid495,0.42984321560792155
valid496,-0.92115384615384632
valid497,-0.8569523809523808
valid498,-0.11024436674436677
valid499,-0.77560461760461774
valid500,-0.12095093795093796
valid501,0.84738966588966591
valid502,0.84653450471097524
valid503,-0.056207459207459204
valid504,-0.98999999999999999
valid505,-0.38390564990564985
valid506,0.99142857142857144
valid507,-0.7943838383838383
valid508,-0.88435653235653233
valid509,-0.53103270345066
valid510,-0.87956166056166052
valid511,0.032639693639693636
valid512,1.0
valid513,-0.52758730158730172
valid514,-0.85838095238095247
valid515,-0.59470140970140972
valid516,-0.9137777777777778
valid517,-0.71339917925212037
valid518,0.89851282051282066
valid519,-0.14717117849470793
valid520,-0.52156347573994633
valid521,-0.68224207199748998
valid522,-1.0
valid523,-0.8785362872421697
valid524,-0.70476434676434674
valid525,0.20181751581751584
valid526,-0.89525641025641023
valid527,-0.97776923076923083
valid528,0.95999999999999996
valid529,-0.99555555555555553
valid530,-1.0
valid531,-1.0
valid532,1.0
valid533,-0.6621318681318682
valid534,0.16643267843267842
valid535,0.87958974358974362
valid536,-0.57787878787878799
valid537,0.07779365079365079
valid538,-0.76002007469654542
valid539,-0.92000000000000004
valid540,0.44425445314919004
valid541,-0.95999999999999996
valid542,-0.38897169497169498
valid543,-1.0
valid544,-0.51983812094338422
valid545,-0.75276923076923086
valid546,-1.0
valid547,0.93580952380952398
valid548,-0.91572222222222222
valid549,-0.5426406926406927
valid550,-0.74182828282828284
valid551,0.18090170940170944
valid552,-0.57745271395271391
valid553,-0.40871284271284275
valid554,-0.63754401154401164
valid555,-1.0
valid556,-0.75210744810744812
valid557,-0.67664013764013764
valid558,-0.93599999999999994
valid559,-1.0
valid560,-0.996
valid561,-0.96380952380952378
valid562,-1.0
valid563,-0.66770562770562791
valid564,-0.96888888888888891
valid565,0.90666666666666662
valid566,-0.99111111111111116
valid567,-1.0
valid568,0.063540681540681543
valid569,-1.0
valid570,-0.80400000000000005
valid571,-1.0
valid572,-0.94666666666666677
valid573,-0.94285714285714273
valid574,-0.97999999999999998
valid575,-0.43201709401709393
valid576,-0.57882853747559626
valid577,-0.6191475191475192
valid578,-0.32136241536241544
valid579,-1.0
valid580,0.82315928515928505
valid581,-0.89226373626373634
valid582,0.63387834387834385
valid583,-0.98999999999999999
valid584,-0.75784126984126987
valid585,-0.62095482295482318
valid586,-0.89144155844155848
valid587,-0.73778381096028156
valid588,-0.9966666666666667
valid589,-0.70274358974358986
valid590,-0.99428571428571433
valid591,-0.99199999999999999
valid592,-0.82607559107559103
valid593,-1.0
valid594,-0.75266866466866456
valid595,-0.51457320457320466
valid596,-1.0
valid597,-0.98166666666666669
valid598,0.11560243677890736
valid599,-0.48880921366215496
valid600,-0.36851996696114336
valid601,-0.8695913890031538
valid602,-0.87247619047619052
valid603,0.41868842268842277
valid604,0.024451620275149671
valid605,-0.86899108734402841
valid606,-0.72094705294705308
valid607,0.51561552173316894
valid608,-0.95999999999999996
valid609,-0.7778571428571428
valid610,-0.98666666666666658
valid611,-0.35184968952616019
valid612,-0.93500000000000005
valid613,-1.0
valid614,-0.52840692640692632
valid615,-1.0
valid616,0.95320346320346316
valid617,-1.0
valid618,0.28198801198801204
valid619,-1.0
valid620,-0.61693656343656345
valid621,-0.77653923853923856
valid622,0.047353479853479839
valid623,-0.92880808080808075
valid624,-0.55161032105149754
valid625,-0.77517904317904329
valid626,-1.0
valid627,-0.90493506493506493
valid628,-0.89342857142857146
valid629,-0.89793073593073591
valid630,-0.25580419580419578
valid631,-0.18425742884566415
valid632,-0.7678593073593073
valid633,-0.99199999999999999
valid634,-1.0
valid635,-0.65972358034122747
valid636,0.0070921888568947385
valid637,-0.76066199813258639
valid638,-1.0
valid639,-0.87948051948051953
valid640,-0.98628571428571432
valid641,-0.89678787878787869
valid642,-0.84182036917331038
valid643,-1.0
valid644,-0.995
valid645,-0.72994161394161405
valid646,-0.70980463980463981
valid647,0.93599999999999994
valid648,0.54969341769341773
valid649,-0.27190553237612058
valid650,-0.81391941391941391
valid651,1.0
valid652,-1.0
valid653,-0.97050949050949054
valid654,-0.014008269508269526
valid655,-0.40207559107559104
valid656,-0.995
valid657,-1.0
valid658,-0.89645421245421264
valid659,-0.95714285714285718
valid660,0.45637603572897695
valid661,-0.74066142354377629
valid662,-0.6274506049506049
valid663,-0.74504761904761907
valid664,0.014893994893994891
valid665,-0.50968253968253974
valid666,-0.9966666666666667
valid667,-0.70424775224775227
valid668,-0.61453235653235661
valid669,-1.0
valid670,-1.0
valid671,-0.7564382284382285
valid672,-0.9840000000000001
valid673,-0.27931196581196582
valid674,0.39524879042526107
valid675,-0.99428571428571433
valid676,-0.81679365079365085
valid677,-0.67768253968253955
valid678,-0.16316045066045062
valid679,-0.42613636363636365
valid680,-0.42444200244200248
valid681,0.84571428571428564
valid682,-0.71250610500610478
valid683,0.71606060606060595
valid684,-0.15044488844488846
valid685,0.53675324675324676
valid686,-0.87785425685425689
valid687,-0.84227272727272717
valid688,-0.78624481074481067
valid689,0.69583616383616398
valid690,-0.46324153624153619
valid691,-0.83898989898989884
valid692,-0.4990124875124875
valid693,0.44811721611721611
valid694,-0.71004212454212479
valid695,-1.0
valid696,0.064470251970251982
valid697,-0.96222222222222231
valid698,-0.62289538239538245
valid699,-0.54047219447219452
valid700,0.666046176046176
valid701,-0.78589682539682537
valid702,-1.0
valid703,-0.9933333333333334
valid704,-0.38618975468975469
valid705,-0.88361904761904764
valid706,-0.8865382395382394
valid707,-0.872
valid708,-0.96666666666666667
valid709,0.86041514041514044
valid710,0.039215784215784207
valid711,-0.89166666666666661
valid712,-1.0
valid713,0.72788371106018157
valid714,-0.61924475524475531
valid715,-0.90390476190476188
valid716,-0.99555555555555553
valid717,-1.0
valid718,0.35594187511834574
valid719,-0.93958974358974356
valid720,-0.5737045177045178
valid721,-0.92142120005897088
valid722,-0.22420157620157621
valid723,-0.67696225996225989
valid724,0.79702741702741708
valid725,-0.83546853146853151
valid726,-0.96285714285714274
valid727,-1.0
valid728,-0.9966666666666667
valid729,1.0
valid730,-0.52660828060828069
valid731,-0.84956654456654446
valid732,-0.45140063857710927
valid733,-1.0
valid734,-0.69111904761904752
valid735,-0.56442490842490844
valid736,-0.93396825396825389
valid737,-0.99428571428571433
valid738,-0.98444444444444446
valid739,-0.18615195915195912
valid740,-0.70951470751470769
valid741,-0.40456493506493507
valid742,1.0
valid743,0.77650216450216458
valid744,-0.50072294372294368
valid745,-1.0
valid746,-0.84310389610389602
valid747,-0.09665834165834164
valid748,-0.98699999999999999
valid749,-0.022694455870926458
valid750,-0.61051176893282166
valid751,-0.97777777777777775
valid752,-0.67843661567190983
valid753,-0.017861804861804876
valid754,-1.0
valid755,0.086805194805194802
valid756,-0.95969696969696972
valid757,-0.98857142857142866
valid758,-0.37353823953823956
valid759,-0.031602564102564103
valid760,0.063805361305361338
valid761,-1.0
valid762,-0.70896087246087247
valid763,-1.0
valid764,-0.33218884057119352
valid765,-0.90857142857142859
valid766,-0.87692307692307703
valid767,-0.74368570318570315
valid768,0.05736652236652235
valid769,-0.3031333111333111
valid770,0.74283760683760691
valid771,-0.92000000000000004
valid772,-0.24169991119991122
valid773,-0.81555555555555559
valid774,0.097935215111685708
valid775,-0.99750000000000005
valid776,-0.2515022755022755
valid777,-0.28829936729936728
valid778,-0.76426662226662245
valid779,-0.8255128205128206
valid780,-0.98692307692307712
valid781,-0.89800000000000002
valid782,-1.0
valid783,-1.0
valid784,-0.14037629037629043
valid785,-0.82215370250664377
valid786,-1.0
valid787,-0.43506741624388695
valid788,-1.0
valid789,-0.51028266178266191
valid790,-0.042931712078770917
valid791,-0.92493006993006988
valid792,-0.83142857142857141
valid793,0.50848266353529492
valid794,-0.31442857142857145
valid795,-0.37140448440448459
valid796,-0.47722610722610725
valid797,-0.27613669663669665
valid798,-1.0
valid799,-0.95200000000000007
valid800,-0.46130846930846936
valid801,-1.0
valid802,-0.92861138861138859
valid803,-0.99750000000000005
valid804,-0.69778571428571423
valid805,-1.0
valid806,-0.86342857142857155
valid807,0.57385714285714295
valid808,-0.064442002442002447
valid809,-0.49620839686629153
valid810,-0.99369696969696975
valid811,-0.84982539682539693
valid812,-0.38047619047619052
valid813,-0.74081347410759191
valid814,-0.87034432234432213
valid815,0.8233919413919415
valid816,-0.79183150183150175
valid817,0.32418542568542569
valid818,0.35402886002885997
valid819,0.034346176699117853
valid820,0.13412198912198911
valid821,-1.0
valid822,0.77196803196803199
valid823,-1.0
valid824,-0.96923809523809534
valid825,-0.67207875457875443
valid826,-0.89472871572871571
valid827,-0.73952380952380958
valid828,-0.56444955044955047
valid829,-0.92719003219003227
valid830,-0.40876534576534573
valid831,-0.18622616272616274
valid832,-1.0
valid833,-0.71643589743589753
valid834,-0.10014019314019315
valid835,0.99636363636363645
valid836,0.72962148962148976
valid837,-0.65614379188063399
valid838,0.075573781911243212
valid839,-0.99199999999999999
valid840,-0.29545088245088247
valid841,-0.79543589743589749
valid842,-1.0
valid843,-0.85494516594516601
valid844,-1.0
valid845,-0.65828282828282825
valid846,-0.77361904761904754
valid847,-0.9555555555555556
valid848,-0.89599999999999991
valid849,-0.13841547341547339
valid850,-1.0
valid851,-0.41854975090269209
valid852,-0.015879551820728279
valid853,-0.93830114330114311
valid854,-1.0
valid855,0.88650216450216446
valid856,-0.85732330827067671
valid857,-0.99247863247863255
valid858,-0.43282883782883785
valid859,-1.0
valid860,-0.77773748473748483
valid861,-1.0
valid862,-0.51042424242424245
valid863,-0.97523809523809524
valid864,0.93428571428571427
valid865,0.88312628547922656
valid866,0.41542857142857137
valid867,-0.88668498168498178
valid868,-0.62942857142857145
valid869,-0.072225274725274721
valid870,-1.0
valid871,-0.90879809079809082
valid872,-0.16125163725163727
valid873,0.97767676767676759
valid874,-0.30115414650708766
valid875,0.92355555555555557
valid876,0.98999999999999999
valid877,0.78529248529248519
valid878,-1.0
valid879,-0.53347374847374851
valid880,-0.31964835164835165
valid881,0.51197015402897761
valid882,-0.95999999999999996
valid883,0.52033503751150822
valid884,-0.44621174147489934
valid885,-0.88907575757575752
valid886,0.95999999999999996
valid887,-0.77112354312354314
valid888,-0.9786666666666668
valid889,-0.40995167577520519
valid890,-0.99428571428571433
valid891,-0.13721046273987453
valid892,-0.13033552240672985
valid893,-0.64124764124764111
valid894,-0.89500000000000002
valid895,-0.97380952380952379
valid896,-0.96333333333333326
valid897,-0.83003663003663009
valid898,0.98666666666666669
valid899,-0.74419047619047618
valid900,-1.0
valid901,-0.93200000000000005
valid902,-0.98666666666666658
valid903,-0.2577538017538018
valid904,-0.64825108225108241
valid905,-0.44761176250649926
valid906,-0.60800222000221993
valid907,0.74650793650793656
valid908,-0.014775890775890775
valid909,-1.0
valid910,-0.080721464809700119
valid911,0.34046862940980582
valid912,-0.75445454545454549
valid913,-0.61169860548807931
valid914,-1.0
valid915,-0.014502331002331009
valid916,-0.82861904761904781
valid917,-0.87384615384615383
valid918,-0.82524031524031527
valid919,-0.6697640268228503
valid920,-0.94714285714285706
valid921,-0.91614141414141415
valid922,-0.67338150738150748
valid923,-0.96389610389610381
valid924,-0.31594871794871787
valid925,-0.92946187146187143
valid926,-0.95765540015540007
valid927,-0.85046583481877591
valid928,-0.031220074043603451
valid929,-0.8752727272727272
valid930,-0.93333333333333324
valid931,-0.85841269841269829
valid932,-0.6667611686559054
valid933,-0.68464646464646473
valid934,-0.51329881229881247
valid935,-0.94933333333333336
valid936,-0.032229815935698299
valid937,-0.74662153206270854
valid938,-0.97333333333333338
valid939,-0.36631462981462981
valid940,-0.67114069264069254
valid941,-0.97444444444444445
valid942,-0.6420533910533911
valid943,-0.87990476190476197
valid944,-0.27618570318570318
valid945,0.71705561105561122
valid946,0.78129870129870127
valid947,-0.56797354107880416
valid948,-0.17807590947064633
valid949,-1.0
valid950,-0.98666666666666669
valid951,-0.43589638139638143
valid952,-0.86636363636363645
valid953,0.20514102168900938
valid954,-1.0
valid955,-0.81681052281052291
valid956,-1.0
valid957,-1.0
valid958,-0.72872710622710624
valid959,0.41897274655169392
valid960,-0.58842098097980444
valid961,-0.9087878787878787
valid962,-0.91183838383838378
valid963,-0.89989610389610386
valid964,-0.21720831129654658
valid965,-0.54999089799089795
valid966,-0.73861671335200751
valid967,-0.81173745552692911
valid968,-1.0
valid969,0.20137218337218335
valid970,-0.96476190476190482
valid971,-0.95999999999999996
valid972,-0.60770729270729273
valid973,-0.683448384948385
valid974,-0.90526473526473528
valid975,-0.87
valid976,-0.79589865689865691
valid977,0.13686879786879785
valid978,-0.85081363081363082
valid979,-0.83680952380952378
valid980,-0.61984570984570975
valid981,-0.35621040071040055
valid982,0.030787157287157297
valid983,0.14023654123654125
valid984,-0.98285714285714276
valid985,-0.87133333333333329
valid986,-1.0
valid987,-0.94333333333333325
valid988,-0.90780952380952384
valid989,-0.12926401376401378
valid990,-0.82576023391812869
valid991,-0.76113836163836168
valid992,-0.52536940836940837
valid993,-0.068237052593089736
valid994,-0.25202813766900456
valid995,-0.19298445998445996
valid996,-0.95360173160173178
valid997,0.18820728291316524
valid998,0.1971963036963037
valid999,0.98461538461538456
valid1000,-1.0
valid1001,-0.48953546453546443
valid1002,-0.95333333333333348
valid1003,0.091647365706189227
valid1004,-1.0
valid1005,-1.0
valid1006,0.34943034743034757
valid1007,-0.48752330418119899
valid1008,-1.0
valid1009,-1.0
valid1010,-0.85261760461760472
valid1011,0.97666666666666668
valid1012,-0.79509706959706972
valid1013,-0.74372749472749466
valid1014,0.84232900432900426
valid1015,0.5252510822510823
valid1016,-0.051939393939393952
valid1017,-0.81900721500721507
valid1018,-0.81620562770562766
valid1019,-1.0
valid1020,-0.47041880341880343
valid1021,-0.96388888888888891
valid1022,-0.77223809523809517
valid1023,-0.59389210789210778
valid1024,-0.9031111111111112
valid1025,-0.46058974358974358
valid1026,-0.99750000000000005
valid1027,-1.0
valid1028,-0.86285714285714288
valid1029,0.73397979797979784
valid1030,-0.95274725274725269
valid1031,-0.34406707997884484
valid1032,-0.68285196502843559
valid1033,-1.0
valid1034,-0.99428571428571433
valid1035,-0.57294035049917413
valid1036,0.31329159729159728
valid1037,-1.0
valid1038,0.8138092691622103
valid1039,-1.0
valid1040,-0.84599999999999997
valid1041,-0.79694139194139202
valid1042,-0.34951964375493788
valid1043,-0.88661221234905441
valid1044,-1.0
valid1045,-1.0
valid1046,0.26458827120591827
valid1047,-0.4379365079365079
valid1048,-0.62739188589188577
valid1049,-0.95999999999999996
valid1050,-0.31113367025131738
valid1051,0.82641802641802642
valid1052,-0.17068109668109666
valid1053,-0.93999999999999995
valid1054,0.22582350982350988
valid1055,0.63111873747167868
valid1056,-0.99428571428571433
valid1057,-0.9749494949494949
valid1058,-0.79485714285714293
valid1059,0.25515684315684312
valid1060,-0.9642857142857143
valid1061,0.030175974352444936
valid1062,1.0
valid1063,0.98366666666666669
valid1064,-0.99692307692307691
valid1065,-0.32606060606060611
valid1066,-1.0
valid1067,-0.66259207459207459
valid1068,-0.50624686424686427
valid1069,-0.98777777777777787
valid1070,-0.13205312815839126
valid1071,0.25880944786207938
valid1072,-1.0
valid1073,-0.95999999999999996
valid1074,-0.9966666666666667
valid1075,-0.7161307189542484
valid1076,0.85266666666666668
valid1077,-1.0
valid1078,-0.80133333333333323
valid1079,-0.96190476190476193
valid1080,-1.0
valid1081,-0.97672727272727289
valid1082,-1.0
valid1083,-0.17738672438672431
valid1084,-0.54622066822066828
valid1085,-0.99384615384615382
valid1086,-0.56121101121101125
valid1087,-0.89098901098901095
valid1088,-0.76333333333333331
valid1089,-0.77684271284271278
valid1090,-1.0
valid1091,0.36814097014097014
valid1092,0.95764790764790764
valid1093,-0.95999999999999996
valid1094,0.016660902049446945
valid1095,-0.99416666666666675
valid1096,0.010927738927738923
valid1097,0.21004939504939493
valid1098,-0.97999999999999998
valid1099,-0.74809523809523826
valid1100,0.27508857808857812
valid1101,-0.29038955488955481
valid1102,0.19660735343088284
valid1103,-0.30148140748140745
valid1104,-0.6811761571761572
valid1105,-0.73301069518716588
valid1106,-0.54766766566766567
valid1107,-0.96666666666666667
valid1108,-0.41833333333333328
valid1109,-0.096318348318348304
valid1110,-0.50279209026267846
valid1111,-0.88451282051282054
valid1112,-0.64958521870286579
valid1113,-0.67795045305571622
valid1114,-0.41755733155733155
valid1115,-0.20680308580308576
valid1116,0.3739818351583058
valid1117,-1.0
valid1118,-0.85520490620490619
valid1119,0.24505984538337483
valid1120,-0.98666666666666669
valid1121,-0.49086324786324786
valid1122,-0.89302521008403379
valid1123,-0.30466233766233769
valid1124,-0.59942568542568542
valid1125,-0.80485714285714294
valid1126,-0.97610389610389614
valid1127,-1.0
valid1128,-0.31216222666222665
valid1129,-0.83973626373626375
valid1130,-1.0
valid1131,-0.94999999999999996
valid1132,-0.96895238095238101
valid1133,-0.58703030303030301
valid1134,0.1761750471750472
valid1135,-1.0
valid1136,-0.37082461982461978
valid1137,-0.88571428571428568
valid1138,1.0
valid1139,-0.74721521942110192
valid1140,-1.0
valid1141,0.24019281372222553
valid1142,-0.20727622377622379
valid1143,-0.56324786324786325
valid1144,-0.27558619158619158
valid1145,-0.94488888888888889
valid1146,-0.66841369741369749
valid1147,-0.56180341880341866
valid1148,-0.98799999999999999
valid1149,-0.98666666666666658
valid1150,-0.86808658008658013
valid1151,-0.43701232101232113
valid1152,-0.98285714285714276
valid1153,-0.54707215007215004
valid1154,-0.27661471861471859
valid1155,-0.5040446483341221
valid1156,-0.97599999999999998
valid1157,0.27272058007352129
valid1158,-0.46493806193806186
valid1159,-0.73728571428571432
valid1160,0.63114141414141423
valid1161,-0.75161904761904752
valid1162,0.92000000000000004
valid1163,0.9786666666666668
valid1164,-0.88761904761904775
valid1165,-0.62799106741212019
valid1166,-0.089832167832167825
valid1167,-0.88076623376623375
valid1168,-1.0
valid1169,-0.16631285381285379
valid1170,-0.24619713619713626
valid1171,-0.9786666666666668
valid1172,-0.996
valid1173,-0.133731893837157
valid1174,1.0
valid1175,-0.94367965367965367
valid1176,-0.93895238095238087
valid1177,-0.86311111111111116
valid1178,-0.7464024864024863
valid1179,-0.69846153846153836
valid1180,-0.17749356199356195
valid1181,1.0
valid1182,-0.36594227994228001
valid1183,-0.90334920634920635
valid1184,-0.96015828615828613
valid1185,-0.12073394029431184
valid1186,-0.76022510822510825
valid1187,-1.0
valid1188,-0.217965811965812
valid1189,-0.96533333333333327
valid1190,0.11758491508491507
valid1191,-0.32890864690864696
valid1192,-1.0
valid1193,-0.74971428571428578
valid1194,0.41253846153846163
valid1195,-1.0
valid1196,0.23131313131313139
valid1197,-0.71425396825396814
valid1198,0.18257983193277311
valid1199,-0.95999999999999996
valid1200,-0.67668037518037505
valid1201,-0.78555555555555556
valid1202,-1.0
valid1203,-0.69707775557775564
valid1204,-0.75916305916305915
valid1205,-0.65761050061050075
valid1206,-0.66973270846800248
valid1207,-0.35900932400932406
valid1208,0.300511655011655
valid1209,-0.15125641025641021
valid1210,-0.82833333333333348
valid1211,-0.89334238980833403
valid1212,-0.85174185291832349
valid1213,-0.38666666666666671
valid1214,-0.4700152070152071
valid1215,-0.95999999999999996
valid1216,-0.48840164084281734
valid1217,0.78500000000000003
valid1218,-0.90976623376623378
valid1219,-1.0
valid1220,-0.91190675990675973
valid1221,-0.64557042957042954
valid1222,-1.0
valid1223,-0.52742640692640697
valid1224,0.97142857142857142
valid1225,0.89756410256410257
valid1226,-0.62896336996336999
valid1227,0.051322200675141857
valid1228,-1.0
valid1229,-0.98505494505494506
valid1230,0.50365873015873008
valid1231,-0.60502819402819408
valid1232,-0.88847619047619053
valid1233,-1.0
valid1234,-0.53478055278055281
valid1235,-0.99416666666666675
valid1236,-0.016643395819866413
valid1237,-0.95999999999999996
valid1238,0.26126023976023977
valid1239,-0.76267965367965362
valid1240,-1.0
valid1241,-0.98412698412698418
valid1242,0.41226262626262639
valid1243,-1.0
valid1244,-1.0
valid1245,-0.12114285714285714
valid1246,0.62066666666666659
valid1247,-0.71675962633857382
valid1248,-0.2276039124274418
valid1249,-0.90666666666666673
valid1250,0.50014338877496778
valid1251,-1.0
valid1252,-0.31269430569430567
valid1253,0.40723931623931625
valid1254,-0.28482584082584084
valid1255,-0.13425914608267545
valid1256,-0.67165678765678782
valid1257,-0.37218487961986413
valid1258,-0.07329799612152553
valid1259,-0.6521968423733131
valid1260,-0.85844011544011556
valid1261,-0.94242424242424239
valid1262,-0.45453957153957164
valid1263,-0.73696103896103893
valid1264,-0.65581529581529596
valid1265,-0.81719140989729222
valid1266,-0.88124558774558781
valid1267,-0.53387434787434784
valid1268,-1.0
valid1269,-0.32895665445665445
valid1270,-0.73192307692307712
valid1271,-0.60594627594627581
valid1272,-0.57336872776346448
valid1273,0.89800000000000013
valid1274,-0.70848351648351648
valid1275,-0.58988888888888891
valid1276,-0.66919258519258529
valid1277,-0.76803854315619025
valid1278,0.11422222222222222
valid1279,-0.83212121212121215
valid1280,-0.73333333333333328
valid1281,-0.025169124992654401
valid1282,-0.44723237873237875
valid1283,-0.67147241647241662
valid1284,-0.51924134053081417
valid1285,-0.73966844919786079
valid1286,0.91346819846819838
valid1287,-0.9414285714285715
valid1288,-0.24470266987914047
valid1289,-0.30990287490287483
valid1290,-0.69671755368814203
valid1291,-1.0
valid1292,0.087067438409543674
valid1293,-0.45157353757353769
valid1294,-0.39767754467754463
valid1295,-0.93119047619047624
valid1296,-0.25655849379378787
valid1297,-0.77666666666666673
valid1298,-0.98457875457875454
valid1299,-0.57278615828615831
valid1300,-0.029587366881484535
valid1301,-0.81514935064935079
valid1302,0.345690427219839
valid1303,-0.7516773986247669
valid1304,-0.071118368559545023
valid1305,-0.27432145632145633
valid1306,-0.45893906093906089
valid1307,-0.99692307692307691
valid1308,-0.81361471861471857
valid1309,-0.20814851814851817
valid1310,-1.0
valid1311,-1.0
valid1312,-0.60675757575757583
valid1313,-0.88
valid1314,-0.80712698412698414
valid1315,-0.20041458541458543
valid1316,-0.56882700632700645
valid1317,-1.0
valid1318,0.98769230769230776
valid1319,-1.0
valid1320,-0.86488888888888882
valid1321,-0.94528571428571428
valid1322,-0.8853968253968254
valid1323,0.9394285714285715
valid1324,-0.93485714285714294
valid1325,0.74894183594183605
valid1326,-0.64046153846153842
valid1327,-0.82260712387028179
valid1328,0.8115642135642136
valid1329,-0.82504695304695308
valid1330,-0.12807088989441934
valid1331,-0.33094400044400041
valid1332,-0.91000000000000003
valid1333,-0.57881146304675712
valid1334,-1.0
valid1335,0.22449406149406148
valid1336,-0.36917316017316026
valid1337,-0.62654700854700851
valid1338,-0.76779797979797992
valid1339,-0.60951859251859253
valid1340,-1.0
valid1341,-0.99636363636363623
valid1342,-0.91565323565323564
valid1343,-0.91842857142857137
valid1344,-0.37324675324675316
valid1345,-0.1734857686173476
valid1346,-0.95200000000000007
valid1347,-0.87164502164502167
valid1348,0.059082362082362075
valid1349,-0.76850793650793647
valid1350,-0.66448795648795633
valid1351,-0.27559262959262959
valid1352,-0.71596031746031741
valid1353,-0.53107392607392612
valid1354,-0.46547474747474754
valid1355,-0.59011355311355318
valid1356,-0.27695526695526701
valid1357,0.37089105339105338
valid1358,0.94619047619047625
valid1359,0.24274722010016128
valid1360,0.3092409224762166
valid1361,-1.0
valid1362,-0.68647619047619046
valid1363,-0.33856510156510156
valid1364,-0.95999999999999996
valid1365,-0.99199999999999999
valid1366,-0.41611255411255405
valid1367,-0.75278099678099664
valid1368,-0.022311688311688328
valid1369,-1.0
valid1370,1.0
valid1371,0.43709324009324008
valid1372,0.57362226662226667
valid1373,-0.70889865689865705
valid1374,-0.99555555555555553
valid1375,-0.54927139527139535
valid1376,-0.59817151475975006
valid1377,-0.81362121212121219
valid1378,0.086177495019600286
valid1379,0.89066866466866468
valid1380,-0.9285714285714286
valid1381,-0.38113397713397712
valid1382,-0.37519036519036519
valid1383,-1.0
valid1384,-0.98666666666666658
valid1385,-0.95999999999999996
valid1386,-0.93036363636363628
valid1387,-0.66672394272394275
valid1388,0.572201284096021
valid1389,-0.30245887445887448
valid1390,0.056135975135975145
valid1391,-0.095200760024289455
valid1392,-0.16074358974358979
valid1393,-0.85858585858585867
valid1394,-0.98777777777777787
valid1395,-0.23981701631701635
valid1396,-0.44879642579642592
valid1397,-0.25809679209679215
valid1398,-1.0
valid1399,-0.63484475002122065
valid1400,-0.68590942390942389
valid1401,-0.44011988011988007
valid1402,-0.50254029304029313
valid1403,-1.0
valid1404,-1.0
valid1405,-0.49013564213564209
valid1406,-0.78105954279638501
valid1407,-0.026139638139638145
valid1408,-0.50612305668188018
valid1409,-0.98955555555555563
valid1410,-0.9364271284271285
valid1411,0.814402342755284
valid1412,0.95666666666666667
valid1413,-0.71192307692307688
valid1414,-0.78434415584415573
valid1415,-0.20316905316905312
valid1416,-0.33404916892532993
valid1417,-0.95999999999999996
valid1418,-1.0
valid1419,-0.88329304029304023
valid1420,-0.28377788877788873
valid1421,-0.66878510378510381
valid1422,0.2269145299145299
valid1423,-0.98539682539682549
valid1424,-0.78217948717948727
valid1425,-0.84799999999999998
valid1426,-0.026167988873871215
valid1427,-0.41103318903318908
valid1428,-0.85554545454545461
valid1429,0.62135478848636738
valid1430,-0.57648551448551455
valid1431,-0.93490476190476202
valid1432,0.17650405150405146
valid1433,-1.0
valid1434,1.0
valid1435,0.46463036963036963
valid1436,-0.16050682650682652
valid1437,-0.31013526995879942
valid1438,-0.55384981684981682
valid1439,-0.85352580752580764
valid1440,0.38340115440115441
valid1441,-0.61625863025863026
valid1442,-0.58229059829059826
valid1443,-0.28336389101094983
valid1444,-0.84809523809523812
valid1445,0.9446984126984127
valid1446,-0.45108187134502925
valid1447,-0.995
valid1448,-0.63666520905994584
valid1449,-0.82952041422629663
valid1450,-0.53444810744810767
valid1451,0.26322466422466428
valid1452,-0.027881285381285394
valid1453,-0.61055304825893064
valid1454,-0.56662437562437562
valid1455,0.22876190476190472
valid1456,-0.62516966366966376
valid1457,-0.95610608345902459
valid1458,-0.28064091464091467
valid1459,-0.48962658256775898
valid1460,0.76063492063492044
valid1461,-0.96569696969696972
valid1462,0.95599999999999996
valid1463,-0.67954068154068148
valid1464,-0.96888888888888891
valid1465,-0.97400000000000009
valid1466,-0.98999999999999999
valid1467,-0.058779942279942272
valid1468,0.1247474518945107
valid1469,0.73545787545787544
valid1470,-0.016236430236430229
valid1471,-0.75390476190476174
valid1472,-0.7556250742721331
valid1473,-0.7326060606060607
valid1474,-0.15642135642135643
valid1475,-1.0
valid1476,-0.98857142857142866
valid1477,0.72582750582750577
valid1478,-0.54307359307359304
valid1479,-0.96833333333333327
valid1480,0.60255655455655455
valid1481,1.0
valid1482,-0.82095104895104898
valid1483,-0.12315469824293356
valid1484,0.25180341880341878
valid1485,0.92391079508726559
valid1486,-0.770989898989899
valid1487,-0.4942042402042402
valid1488,-0.71671972471972456
valid1489,-0.439987456987457
valid1490,-0.71542059247941614
valid1491,0.19784534419828537
valid1492,-0.49956676003734818
valid1493,-0.28390836940836944
valid1494,1.0
valid1495,-1.0
valid1496,-0.95111111111111113
valid1497,-0.59400333000333005
valid1498,-0.95999999999999996
valid1499,-0.88641965877259976
valid1500,-0.87204761904761896
valid1501,-1.0
valid1502,-0.83390269379743065
valid1503,-0.99099999999999999
valid1504,-1.0
valid1505,-0.61519813519813515
valid1506,-0.91842857142857137
valid1507,-0.7448009768009769
valid1508,-0.47674285363759039
valid1509,-0.81052380952380954
valid1510,-0.67677922077922092
valid1511,-0.2732104007104007
valid1512,0.92262820512820509
valid1513,0.90901010101010105
valid1514,-0.32895593295593301
valid1515,-0.97018181818181815
valid1516,-0.95999999999999996
valid1517,-0.59722588522588527
valid1518,-0.86166666666666658
valid1519,-0.9042246642246643
valid1520,-0.28816894216894218
valid1521,-0.84772727272727277
valid1522,-0.94423809523809543
valid1523,-0.49293040293040297
valid1524,-0.5201744921744923
valid1525,-0.9786666666666668
valid1526,-0.82772727272727276
valid1527,-0.99555555555555553
valid1528,-1.0
valid1529,-0.90422727272727277
valid1530,-0.56388391433128282
valid1531,-0.44105258690398003
valid1532,0.28063103563103559
valid1533,0.87850216450216445
valid1534,-0.72190009337068151
valid1535,-0.063546642899584074
valid1536,-0.72761904761904761
valid1537,-1.0
valid1538,-0.93986013986013983
valid1539,-0.64841054043995228
valid1540,-0.075236208236208219
valid1541,-0.78681052281052288
valid1542,-0.94357142857142862
valid1543,-0.64643767996709189
valid1544,-0.60584926184926202
valid1545,-0.34819275169275166
valid1546,-0.98129870129870145
valid1547,-0.95200000000000007
valid1548,0.77062626262626277
valid1549,-1.0
valid1550,-0.29160350760350762
valid1551,-1.0
valid1552,-0.81627705627705627
valid1553,-0.93785714285714294
valid1554,-0.94692307692307698
valid1555,-1.0
valid1556,-1.0
valid1557,-0.43941708291708287
valid1558,-0.16404545454545455
valid1559,-0.96719003219003208
valid1560,-0.194061853351327
valid1561,0.72156565656565652
valid1562,-0.6738278388278387
valid1563,-0.90000000000000002
valid1564,-0.63961738261738266
valid1565,-0.99555555555555553
valid1566,-1.0
valid1567,0.13642252192252194
valid1568,-0.66940476190476195
valid1569,-1.0
valid1570,-0.88800000000000001
valid1571,0.94376190476190491
valid1572,-0.86357142857142866
valid1573,-0.88101398601398595
valid1574,-1.0
valid1575,-0.42259956709956709
valid1576,0.81810966810966801
valid1577,-0.76618614718614719
valid1578,-1.0
valid1579,-0.85117316017316014
valid1580,-0.92115151515151505
valid1581,0.75598046398046403
valid1582,-0.70507825507825517
valid1583,-0.69340293040293033
valid1584,-0.81979797979797975
valid1585,-0.3280128205128206
valid1586,0.4434536966301672
valid1587,-0.93136363636363639
valid1588,-0.70142069042069044
valid1589,0.065372584931408462
valid1590,-0.43954578754578755
valid1591,-0.93235264735264733
valid1592,-0.57397868797868801
valid1593,-0.91763369963369967
valid1594,-0.71413997113997107
valid1595,0.53157609057609068
valid1596,-0.69672727272727253
valid1597,-1.0
valid1598,-0.6608558108558108
valid1599,-0.49362626262626264
valid1600,-0.73274875124875138
valid1601,0.78896103896103897
valid1602,-0.42190143190143181
valid1603,-0.93042307692307691
valid1604,-0.18144799644799645
valid1605,0.14287878787878788
valid1606,-0.50432944832944826
valid1607,-1.0
valid1608,-0.77428815628815628
valid1609,-0.58085680985680976
valid1610,0.4044184704184704
valid1611,-1.0
valid1612,-0.23471154662331131
valid1613,-0.9073232323232322
valid1614,-0.88972405372405372
valid1615,-0.90133333333333321
valid1616,-0.98190476190476195
valid1617,-0.51042957042957038
valid1618,-0.94533333333333347
valid1619,0.14203013653013652
valid1620,-0.53136491286491283
valid1621,-0.74022222222222211
valid1622,-0.8640000000000001
valid1623,0.0084274614274614419
valid1624,-0.53123809523809529
valid1625,-1.0
valid1626,0.51608025308025318
valid1627,-0.996
valid1628,-0.22986213786213786
valid1629,-0.92799666999666997
valid1630,-0.4336578976578977
valid1631,-0.90666666666666673
valid1632,-0.82180086580086598
valid1633,-0.7527272727272728
valid1634,-0.15300199800199801
valid1635,-1.0
valid1636,0.46510728744939273
valid1637,0.63317182817182815
valid1638,0.61023880213353898
valid1639,-0.75803418803418809
valid1640,-0.20883052722990805
valid1641,0.54678210678210681
valid1642,-0.8512121212121212
valid1643,-1.0
valid1644,-1.0
valid1645,0.71389477189477202
valid1646,-0.62812554112554098
valid1647,-0.86489621489621493
valid1648,-0.39800754800754801
valid1649,-0.10832556332556335
valid1650,-0.91842857142857137
valid1651,-0.62527289377289352
valid1652,-0.92507936507936517
valid1653,-0.058538255861785286
valid1654,-0.78936563436563434
valid1655,-0.97333333333333327
valid1656,0.63796558240521084
valid1657,-0.73984126984126997
valid1658,-0.95999999999999996
valid1659,-0.89789044289044284
valid1660,0.79028571428571426
valid1661,-0.33442777157483033
valid1662,-0.31775875586401908
valid1663,-0.66847352647352631
valid1664,-0.86836363636363612
valid1665,-0.93957098457098454
valid1666,-1.0
valid1667,0.58409723609723607
valid1668,-0.98799999999999999
valid1669,0.13892940392940398
valid1670,0.82651489686783819
valid1671,-0.90222222222222215
valid1672,-1.0
valid1673,-0.74141102756892219
valid1674,-1.0
valid1675,-0.22050255300255298
valid1676,-0.79787878787878785
valid1677,-1.0
valid1678,-0.63446664446664458
valid1679,-0.74104013152310355
valid1680,-0.95333333333333325
valid1681,-0.15769408369408369
valid1682,-0.52013475413475418
valid1683,-0.79835854341736689
valid1684,-0.95499999999999996
valid1685,-0.57424879042526111
valid1686,0.13520202020202021
valid1687,0.13758014208014208
valid1688,-0.95999999999999996
valid1689,0.33843101343101339
valid1690,-0.78788034188034184
valid1691,-0.96714285714285719
valid1692,-1.0
valid1693,-1.0
valid1694,0.98181818181818192
valid1695,0.36140598290598303
valid1696,-0.35444910644910643
valid1697,0.79784837384837393
valid1698,-0.47918681318681322
valid1699,-0.34768470418470421
valid1700,-1.0
valid1701,0.98666666666666669
valid1702,-0.71587379287379282
valid1703,-0.92349623596218022
valid1704,-0.22391940086057732
valid1705,-0.1625272766449237
valid1706,-0.99555555555555553
valid1707,-0.80751515151515163
valid1708,-0.96615384615384614
valid1709,-0.75960622710622716
valid1710,-0.67284656519950647
valid1711,-1.0
valid1712,0.85495238095238091
valid1713,-0.80933333333333335
valid1714,-0.44087621013317607
valid1715,-0.68738672438672443
valid1716,-0.94285714285714273
valid1717,-0.43170634920634932
valid1718,-0.95999999999999996
valid1719,-0.98111111111111116
valid1720,-0.45979961215255338
valid1721,-0.46271444929339672
valid1722,-0.0382412121761967
valid1723,-0.95999999999999996
valid1724,-1.0
valid1725,-0.015128427128427137
valid1726,-0.52341269841269844
valid1727,-0.81574603174603166
valid1728,-0.19428449328449332
valid1729,-0.93198217468805711
valid1730,-0.64581999699646775
valid1731,-0.41179365079365082
valid1732,-0.57400425305688463
valid1733,-0.70202630702630697
valid1734,-1.0
valid1735,-0.72185347985347992
valid1736,1.0
valid1737,0.16704906204906206
valid1738,-0.92928571428571427
valid1739,-0.2932482517482517
valid1740,-0.50447286047286044
valid1741,-0.71695186684660372
valid1742,0.28811440314071884
valid1743,-0.61246153846153861
valid1744,-0.87326190476190491
valid1745,-0.95864935064935064
valid1746,0.12304388422035484
valid1747,-0.29359559394853518
valid1748,-0.12097874347874353
valid1749,-0.59938156288156286
valid1750,-1.0
valid1751,-0.77676434676434669
valid1752,-1.0
valid1753,0.25790054390054384
valid1754,-0.91019841269841262
valid1755,-0.52003391053391057
valid1756,-0.39027849927849934
valid1757,-0.0046995226995227317
valid1758,0.59465201465201456
valid1759,0.97142857142857142
valid1760,-0.21117171717171718
valid1761,-0.96666666666666667
valid1762,-0.62003785103785114
valid1763,-0.98499999999999999
valid1764,-0.86475641025641026
valid1765,0.068770229770229771
valid1766,0.65978021978021972
valid1767,-0.12900799200799198
valid1768,-0.81039682539682545
valid1769,-1.0
valid1770,-0.40973959373959368
valid1771,0.35722263357557482
valid1772,-0.86022222222222222
valid1773,-0.81331825037707373
valid1774,-0.66053213453213455
valid1775,-0.20097554079907021
valid1776,-1.0
valid1777,0.65081607281607279
valid1778,-0.7898412698412699
valid1779,-0.83869463869463867
valid1780,0.66096114996115007
valid1781,-0.16658769008769009
valid1782,-0.91041125541125534
valid1783,0.79656021756021755
valid1784,-0.42211624976330858
valid1785,-1.0
valid1786,-0.95636363636363642
valid1787,0.77555555555555555
valid1788,-0.42600225213383103
valid1789,-0.92866666666666675
valid1790,0.95999999999999996
valid1791,-0.39121933621933619
valid1792,-0.90545454545454551
valid1793,-0.10374286824286827
valid1794,-0.16528048422166067
valid1795,0.66053361671008748
valid1796,-0.97599999999999998
valid1797,-0.82386299081035919
valid1798,-0.78342490842490831
valid1799,-1.0
valid1800,-0.41879304029304032
valid1801,0.73741325341325337
valid1802,-0.085922077922077941
valid1803,-0.8769350649350649
valid1804,-1.0
valid1805,-0.81988888888888889
valid1806,-0.97999999999999998
valid1807,-0.8303916083916083
valid1808,0.24683852095616807
valid1809,-1.0
valid1810,-1.0
valid1811,-0.95599999999999996
valid1812,-0.077244089244089237
valid1813,-0.38411085405822248
valid1814,-1.0
valid1815,-0.90346187146187151
valid1816,-0.97185425685425686
valid1817,-1.0
valid1818,-0.94871794871794857
valid1819,0.53022438672438676
valid1820,-1.0
valid1821,0.85489710289710308
valid1822,-0.7682698412698411
valid1823,0.72868065268065263
valid1824,-1.0
valid1825,-1.0
valid1826,0.80050793650793661
valid1827,-0.92469841269841269
valid1828,-1.0
valid1829,-0.91253968253968254
valid1830,-0.44892091242091248
valid1831,-0.21664124764124762
valid1832,-0.99555555555555553
valid1833,0.07625763125763127
valid1834,-0.94025108225108223
valid1835,-0.19483816183816186
valid1836,-0.40516955266955273
valid1837,-0.40753768453768457
valid1838,-1.0
valid1839,-1.0
valid1840,-0.98857142857142866
valid1841,-0.49529981129981138
valid1842,0.10967388167388167
valid1843,0.089753840930311524
valid1844,-0.9215714285714286
valid1845,-0.98499999999999999
valid1846,0.49623158128421274
valid1847,-0.80395967774915167
valid1848,-0.41818181818181827
valid1849,0.14849938949938951
valid1850,-0.57223909423909436
valid1851,-1.0
valid1852,-0.12770293432058138
valid1853,-0.66580086580086573
valid1854,0.18928904428904425
valid1855,-1.0
valid1856,-0.64797557997557997
valid1857,0.032406038406038423
valid1858,-0.43497119547119567
valid1859,-0.83447252747252743
valid1860,-0.64520912420912413
valid1861,-0.23699944499944503
valid1862,-0.13516335711072552
valid1863,-0.64421422729317468
valid1864,0.79131385281385258
valid1865,-0.82031746031746022
valid1866,-0.95999999999999996
valid1867,-0.76385547785547769
valid1868,-0.45133627483627498
valid1869,-0.84043589743589764
valid1870,-0.8146262626262627
valid1871,-0.2351933621933622
valid1872,-0.05787179487179487
valid1873,-1.0
valid1874,-0.80381024531024536
valid1875,0.29230369630369635
valid1876,0.88640792540792546
valid1877,-0.30107259407259401
valid1878,1.0
valid1879,-0.7682671772671773
valid1880,-0.83154800754800762
valid1881,-0.89833766233766221
valid1882,-0.58092426201249736
valid1883,-0.89987301587301605
valid1884,-0.24730691530691534
valid1885,0.73969841269841285
valid1886,-0.18079914529914529
valid1887,-0.99111111111111116
valid1888,0.35983261183261184
valid1889,0.9563636363636363
valid1890,-0.92725641025641026
valid1891,-0.74360439560439562
valid1892,0.81095238095238087
valid1893,-0.95999999999999996
valid1894,-0.53860561660561668
valid1895,-0.95923809523809522
valid1896,-0.26060989904488358
valid1897,-0.4604115884115883
valid1898,0.92846153846153845
valid1899,-1.0
valid1900,-0.96794627594627602
valid1901,-0.4280869130869131
valid1902,-0.44422027972027961
valid1903,-0.87692307692307692
valid1904,-0.86930402930402939
valid1905,0.46574488497398719
valid1906,-0.58314219114219112
valid1907,-0.56592352092352094
valid1908,1.0
valid1909,-1.0
valid1910,-0.52418359418359417
valid1911,-1.0
valid1912,0.72066666666666668
valid1913,-1.0
valid1914,-0.8977777777777779
valid1915,-0.98777777777777787
valid1916,0.86473809523809531
valid1917,-0.88095238095238093
valid1918,-0.97999999999999998
valid1919,-0.57221553884711784
valid1920,0.6954151404151403
valid1921,-0.75161064425770308
valid1922,0.39859629843840372
valid1923,-0.53168799827623359
valid1924,-0.93714285714285728
valid1925,0.50016942534589592
valid1926,-0.52351515151515149
valid1927,-0.69445299145299144
valid1928,-0.57361616161616158
valid1929,0.34418555541465762
valid1930,0.31416472416472419
valid1931,-0.095104392339686469
valid1932,-0.5245738705738705
valid1933,0.84650216450216464
valid1934,0.72455699855699862
valid1935,0.51938132455779507
valid1936,-0.73522710622710619
valid1937,-0.996
valid1938,-0.56782722506251926
valid1939,-0.44419223260399732
valid1940,0.19172340731164259
valid1941,-0.89521367521367523
valid1942,-1.0
valid1943,-0.71664713064713059
valid1944,0.70341758241758245
valid1945,-1.0
valid1946,0.25847412649270235
valid1947,-0.39713042513042518
valid1948,-0.93755555555555559
valid1949,-0.62853785103785109
valid1950,-1.0
valid1951,-0.95999999999999996
valid1952,0.81323809523809532
valid1953,0.68140087690087681
valid1954,-0.95999999999999996
valid1955,-0.38612076812076807
valid1956,-0.98960784313725503
valid1957,-1.0
valid1958,-0.70434719082087516
valid1959,-0.020619341442870871
valid1960,-0.81322222222222218
valid1961,-0.49839415160003414
valid1962,-0.56419108669108664
valid1963,0.72526821716295398
valid1964,0.84266666666666679
valid1965,-0.63174919524919526
valid1966,-0.91389898989898999
valid1967,-0.97666666666666657
valid1968,0.40850000000000003
valid1969,-0.59253413253413256
valid1970,-0.084016232305705998
valid1971,-1.0
valid1972,-0.56773626373626374
valid1973,1.0
valid1974,-0.70317948717948719
valid1975,0.1937316017316017
valid1976,-0.8978571428571428
valid1977,-0.67035897435897429
valid1978,0.24652292152292155
valid1979,-0.70876290376290385
valid1980,-0.43760461760461772
valid1981,-0.84211904761904766
valid1982,-0.97333333333333327
valid1983,-0.93299450549450536
valid1984,-1.0
valid1985,0.70903113553113561
valid1986,0.25442371354136067
valid1987,-0.80155555555555547
valid1988,-0.90728427128427147
valid1989,-0.95240675990675994
valid1990,-0.70897338935574228
valid1991,-0.65835064935064935
valid1992,0.58025496725496728
valid1993,-0.025582417582417572
valid1994,-0.45355561105561099
valid1995,-0.57491819291819302
valid1996,-1.0
valid1997,-1.0
valid1998,-0.55121717171717177
valid1999,0.95999999999999996
valid2000,-0.9933333333333334
valid2001,-0.16374236874236875
valid2002,-1.0
valid2003,-0.92000000000000004
valid2004,-1.0
valid2005,0.021107004107004106
valid2006,-0.9966666666666667
valid2007,-0.8635470085470085
valid2008,-0.87368253968253984
valid2009,-1.0
valid2010,0.31785622220916343
valid2011,-0.69742375924728861
valid2012,-0.50236141636141651
valid2013,-0.68830880230880243
valid2014,-0.96833333333333338
valid2015,0.38531818181818189
valid2016,-0.98999999999999999
valid2017,-0.62942662892662893
valid2018,0.98666666666666669
valid2019,-0.79761904761904756
valid2020,-0.97266666666666668
valid2021,-0.53551280298648718
valid2022,-0.96666666666666656
valid2023,-0.95999999999999996
valid2024,-0.92636363636363639
valid2025,-0.8226960784313726
valid2026,-0.6522820512820513
valid2027,-0.76461480349715638
valid2028,-0.68250416250416246
valid2029,-1.0
valid2030,-0.80954212454212449
valid2031,0.75868190581348482
valid2032,-0.73179076479076466
valid2033,0.21350233100233101
valid2034,-0.72129581529581532
valid2035,-0.699131979131979
valid2036,-0.82834371184371203
valid2037,-0.22372915972915969
valid2038,-0.057521367521367502
valid2039,-1.0
valid2040,-0.87678862314156436
valid2041,-0.95384615384615368
valid2042,0.068746716303991817
valid2043,-0.65926911976911962
valid2044,-0.9363636363636364
valid2045,-0.79305346700083545
valid2046,-1.0
valid2047,-0.30083710733710733
valid2048,0.43765789765789748
valid2049,-0.37273493173493172
valid2050,-0.57270085470085474
valid2051,-0.68976948782211933
valid2052,-0.95636363636363642
valid2053,-1.0
valid2054,-0.05355289155289155
valid2055,-0.87655128205128219
valid2056,-0.57676678876678877
valid2057,-0.58167147884794956
valid2058,1.0
valid2059,-0.67173797839587324
valid2060,-0.56607037407037408
valid2061,-0.89333333333333331
valid2062,0.19049494949494949
valid2063,-0.44893506493506502
valid2064,-0.83600732600732597
valid2065,0.83317460317460312
valid2066,0.72676456876456885
valid2067,-0.97333333333333327
valid2068,1.0
valid2069,-1.0
valid2070,-0.95999999999999996
valid2071,-0.078878621378621366
valid2072,-1.0
valid2073,-0.19097435897435897
valid2074,-0.6165028305028305
valid2075,-0.61195013380152696
valid2076,-0.93955555555555548
valid2077,-1.0
valid2078,-0.97230769230769232
valid2079,0.66680952380952374
valid2080,-1.0
valid2081,-0.82285714285714273
valid2082,-0.92727272727272736
valid2083,-0.31321858533623242
valid2084,0.29261294261294263
valid2085,-0.59465934065934067
valid2086,-0.92000000000000004
valid2087,-0.82720879120879109
valid2088,-0.74743589743589756
valid2089,-0.87690476190476185
valid2090,-0.9966666666666667
valid2091,-0.79547963147963141
valid2092,-0.99636363636363623
valid2093,-1.0
valid2094,0.33314285714285707
valid2095,-0.20582106782106779
valid2096,-0.93428571428571427
valid2097,-0.72771428571428576
valid2098,-0.92369108669108668
valid2099,-0.54083131247837124
valid2100,-0.59228527028527034
valid2101,0.020193195693195692
valid2102,0.5483426573426573
valid2103,-0.86748484848484853
valid2104,-0.27891086691086692
valid2105,-0.98999999999999999
valid2106,0.21345071595071594
valid2107,0.57370085470085475
valid2108,-1.0
valid2109,-0.99555555555555553
valid2110,0.15120139337786395
valid2111,-0.14611473906210748
valid2112,0.8886153846153847
valid2113,-0.84634432234432255
valid2114,0.47337977055624114
valid2115,-0.98266666666666669
valid2116,-0.23638306138306134
valid2117,-0.42508746808746806
valid2118,0.060296862236490736
valid2119,-0.57258197358197349
valid2120,-0.34002353202353208
valid2121,-0.8288888888888889
valid2122,-0.58183394383394382
valid2123,0.97566666666666679
valid2124,-0.94433333333333336
valid2125,-1.0
valid2126,-1.0
valid2127,0.38118437118437115
valid2128,-0.99384615384615382
valid2129,-0.35761117967000317
valid2130,-0.16436507936507938
valid2131,-0.15933661075766342
valid2132,-0.42481562881562884
valid2133,0.83095238095238089
valid2134,-0.48900011100011098
valid2135,-0.079109668109668116
valid2136,-0.97599999999999998
valid2137,-1.0
valid2138,-0.31375050439756319
valid2139,-0.97111111111111115
valid2140,-0.78307270507270521
valid2141,-0.6121989121989122
valid2142,-0.5769809634809635
valid2143,-0.82695482295482303
valid2144,0.60257786657786672
valid2145,-0.98606060606060608
valid2146,-0.39423365523365511
valid2147,-0.083269273210449676
valid2148,-0.79061389590801356
valid2149,0.61704598617756512
valid2150,-0.7927056277056278
valid2151,-0.88323249969844397
valid2152,-0.41218907236554309
valid2153,-0.45863627222450754
valid2154,0.60266767219708395
valid2155,-0.93849999999999989
valid2156,-0.22048767898767899
valid2157,-0.47440115440115449
valid2158,-1.0
valid2159,-1.0
valid2160,0.41057342657342666
valid2161,-0.72122222222222232
valid2162,-0.17281168831168833
valid2163,-0.66747397047397039
valid2164,0.99555555555555553
valid2165,-0.92742857142857149
valid2166,0.23720695970695968
valid2167,-0.97434065934065939
valid2168,-0.81760195360195365
valid2169,-0.35264420546773495
valid2170,-0.69580408480408484
valid2171,-0.7848571428571427
valid2172,-0.27716805416805423
valid2173,0.26470032255326376
valid2174,0.11324603174603176
valid2175,-0.79514057579847053
valid2176,-0.40185414585414592
valid2177,-1.0
valid2178,-0.97428571428571431
valid2179,-0.9786666666666668
valid2180,-1.0
valid2181,-0.56313170163170168
valid2182,-0.47098845598845601
valid2183,-0.99714285714285722
valid2184,-0.81049572649572643
valid2185,0.7756581196581197
valid2186,-0.16233095662507427
valid2187,-0.98857142857142866
valid2188,-1.0
valid2189,-0.0022746534511240402
valid2190,0.23890659340659343
valid2191,-0.64744078144078143
valid2192,-0.72799999999999998
valid2193,-0.8322272727272727
valid2194,-0.7462344322344322
valid2195,-0.31146067657832366
valid2196,-0.85502564102564105
valid2197,-1.0
valid2198,0.69441941391941386
valid2199,-1.0
valid2200,-0.14859451659451658
valid2201,-0.70939060939060938
valid2202,-0.96666666666666667
valid2203,-0.53371848739495809
valid2204,0.84294505494505489
valid2205,-0.88947619047619053
valid2206,-0.60231324231324246
valid2207,-0.93855770373417424
valid2208,-0.63358441558441569
valid2209,0.99358974358974361
valid2210,-0.59295482295482294
valid2211,0.49901230142406605
valid2212,0.086693528693528699
valid2213,-1.0
valid2214,0.99636363636363645
valid2215,-0.97199999999999998
valid2216,-0.34691430791430788
valid2217,-0.89761616161616165
valid2218,-0.022311466311466317
valid2219,-0.99733333333333329
valid2220,-0.94285714285714295
valid2221,-0.21764896214896218
valid2222,-0.036698412698412675
valid2223,-0.6275205905205905
valid2224,-0.356966588966589
valid2225,-0.59251282051282073
valid2226,-0.51810389610389618
valid2227,-0.65808180708180719
valid2228,-0.99555555555555553
valid2229,-0.28049410719998957
valid2230,-0.69271442850235421
valid2231,-0.89142568542568545
valid2232,-0.92333333333333345
valid2233,-0.89933291562238937
valid2234,-0.665285018902666
valid2235,-0.43688455988455993
valid2236,-0.83443646549528894
valid2237,0.59430536371093656
valid2238,-0.56188478188478186
valid2239,-1.0
valid2240,-0.84066666666666667
valid2241,-0.62272489498805295
valid2242,-0.62459906759906769
valid2243,-0.82361111111111118
valid2244,-0.36085286935286937
valid2245,-0.98999999999999999
valid2246,-0.8337619047619047
valid2247,-1.0
valid2248,-1.0
valid2249,-0.76746031746031751
valid2250,-0.67701864801864819
valid2251,-0.73793939393939401
valid2252,-0.82934065934065937
valid2253,0.41564677152912444
valid2254,-0.9363636363636364
valid2255,-0.80244444444444452
valid2256,-0.94845177045177043
valid2257,-0.34676479076479066
valid2258,0.024832223332223329
valid2259,-0.56538095238095232
valid2260,-1.0
valid2261,0.75191656709303767
valid2262,0.85664668664668686
valid2263,0.82153535353535356
valid2264,0.97737373737373745
valid2265,-0.93333333333333346
valid2266,-0.93276190476190479
valid2267,-0.82639682539682557
valid2268,-0.37312942612942612
valid2269,-0.49286813186813189
valid2270,-0.14137218337218338
valid2271,1.0
valid2272,-0.61933044733044729
valid2273,-0.42740548048442795
valid2274,0.67522407657701788
valid2275,-0.53403896103896098
valid2276,-0.90439782439782446
valid2277,-0.7723174603174604
valid2278,-0.73225091575091583
valid2279,0.88527716727716732
valid2280,-0.99555555555555553
valid2281,-0.51267954267954285
valid2282,-0.79833333333333345
valid2283,-0.71844444444444444
valid2284,-1.0
valid2285,-0.97066666666666668
valid2286,-0.5632489601901367
valid2287,0.066575646575646574
valid2288,0.35487268287268287
valid2289,-0.40081540681540689
valid2290,0.32592296592296593
valid2291,-0.28854248366013074
valid2292,-0.067156510156510155
valid2293,-1.0
valid2294,-0.71244083694083682
valid2295,-0.33726673326673323
valid2296,-0.92000000000000004
valid2297,-0.51429437229437236
valid2298,-0.63471742636448514
valid2299,-0.3282605172605173
valid2300,-0.95499999999999996
valid2301,0.21350233100233101
valid2302,-0.49569119769119768
valid2303,-0.64493650793650803
valid2304,-0.99269841269841264
valid2305,-0.91245454545454552
valid2306,-0.64107670107670101
valid2307,-0.77861038961038953
valid2308,-0.62457091927680164
valid2309,-0.33980463980463982
valid2310,-0.95619047619047604
valid2311,-0.88754061624649883
valid2312,-0.70801298701298709
valid2313,-0.97231601731601724
valid2314,-0.9933333333333334
valid2315,-1.0
valid2316,0.9490909090909091
valid2317,-0.68860073260073262
valid2318,-0.44583552395317105
valid2319,-0.97933333333333339
valid2320,0.89987878787878794
valid2321,-0.68075324675324678
valid2322,-0.72377633477633485
valid2323,-1.0
valid2324,-1.0
valid2325,-0.25402636252636257
valid2326,-0.58784371184371187
valid2327,0.44724375624375617
valid2328,-0.42409627953745604
valid2329,-0.23512842712842719
valid2330,-1.0
valid2331,-0.69844155844155831
valid2332,0.85093894993895003
valid2333,-1.0
valid2334,0.051347645818234061
valid2335,0.17847634065281126
valid2336,-0.98285714285714276
valid2337,-0.79798656898656906
valid2338,-0.2801234876234876
valid2339,-1.0
valid2340,-0.085373015873015878
valid2341,-0.91466666666666674
valid2342,-0.64955910755910762
valid2343,0.92818470418470422
valid2344,-0.61788023088023081
valid2345,-0.53364324564324561
valid2346,-0.96166666666666667
valid2347,-0.72746420246420229
valid2348,-0.8361425241425241
valid2349,-0.42085436785436775
valid2350,-1.0
valid2351,-0.71466666666666678
valid2352,-0.41609149089644437
valid2353,-0.94733333333333336
valid2354,-1.0
valid2355,-0.3621878121878121
valid2356,-0.94819047619047636
valid2357,-0.52091125541125538
valid2358,-0.73719480519480529
valid2359,-0.095718836718836756
valid2360,0.25468498168498166
valid2361,-0.80413186813186821
valid2362,-0.73362698412698424
valid2363,-1.0
valid2364,-1.0
valid2365,-0.19452053502053498
valid2366,-0.98285714285714276
valid2367,-1.0
valid2368,-0.83063636363636362
valid2369,-0.99555555555555553
valid2370,0.50108202908202915
valid2371,-1.0
valid2372,-0.063981462981462997
valid2373,0.2681904761904762
valid2374,-0.21547563547563545
valid2375,-0.93301587301587308
valid2376,-0.73857142857142866
valid2377,0.63409523809523816
valid2378,-0.97222222222222232
valid2379,-0.96484848484848484
valid2380,-0.89866666666666672
valid2381,-0.89388888888888896
valid2382,0.93333333333333346
valid2383,-0.40005246456330051
valid2384,-0.55922971472971472
valid2385,-0.51741687552213866
valid2386,-0.82799999999999985
valid2387,-0.86976923076923074
valid2388,-0.78016699966699976
valid2389,-0.41122377622377615
valid2390,-0.86162907268170419
valid2391,-0.96072727272727276
valid2392,-0.88169841269841276
valid2393,-1.0
valid2394,-1.0
valid2395,0.17071306471306474
valid2396,-0.60634310134310143
valid2397,0.13534193584193585
valid2398,-1.0
valid2399,0.41566536387589031
valid2400,-0.66529870129870128
valid2401,-0.98285714285714276
valid2402,-0.75542857142857145
valid2403,-0.61603174603174604
valid2404,-1.0
valid2405,-0.83854700854700848
valid2406,-0.016419413919413931
valid2407,-0.16073737373737373
valid2408,0.45016605616605615
valid2409,-1.0
valid2410,-0.36343012543012532
valid2411,-0.7383333333333334
valid2412,-0.79410256410256408
valid2413,1.0
valid2414,-1.0
valid2415,0.072126928626928641
valid2416,-0.60083299156983361
valid2417,-0.86655067155067156
valid2418,-1.0
valid2419,-0.39180286380286378
valid2420,-1.0
valid2421,-0.90801154401154394
valid2422,-0.2697509157509157
valid2423,-0.7526031746031745
valid2424,-0.35287450131567782
valid2425,-0.80795238095238109
valid2426,0.050557512662775819
valid2427,-0.78419047619047622
valid2428,1.0
valid2429,-0.91989944695827053
valid2430,-0.89599999999999991
valid2431,-0.99428571428571433
valid2432,-0.33809021439516784
valid2433,-0.90925396825396831
valid2434,-0.40729585120761591
valid2435,0.040365467865467852
valid2436,-0.93499999999999983
valid2437,-0.98999999999999999
valid2438,0.65733936651583713
valid2439,-0.2265598845598846
valid2440,-0.082833333333333356
valid2441,-0.56662481962481959
valid2442,-1.0
valid2443,-0.44297093755917288
valid2444,0.83412628547922663
valid2445,-0.70666666666666655
valid2446,-0.80326262626262634
valid2447,-0.74861471861471851
valid2448,-0.2866103700221348
valid2449,-0.96888888888888891
valid2450,-0.87480693815987931
valid2451,-1.0
valid2452,-0.80721330956625081
valid2453,-0.080819236319236321
valid2454,-1.0
valid2455,-0.68622682872682883
valid2456,-0.36200183150183141
valid2457,-0.87587301587301591
valid2458,0.18505737245210935
valid2459,-1.0
valid2460,-0.07420345014462662
valid2461,-0.14885958159487572
valid2462,0.92278787878787893
valid2463,-0.89243589743589746
valid2464,-0.91604151404151413
valid2465,-0.942642857142857
valid2466,-0.97909090909090901
valid2467,0.95733333333333337
valid2468,-0.52557930957930954
valid2469,-0.48876046176046178
valid2470,-0.36861926961926961
valid2471,-0.96447863247863252
valid2472,0.36002847152847145
valid2473,-0.77809523809523806
valid2474,-0.97079365079365076
valid2475,-0.93765656565656574
valid2476,-0.85264160675925382
valid2477,-0.84703030303030302
valid2478,-0.31742424242424244
valid2479,0.93999999999999995
valid2480,0.25872505272505281
valid2481,-0.62747970983265089
valid2482,0.16168725718725718
valid2483,-0.97036363636363632
valid2484,-0.93619047619047624
valid2485,-0.73776046176046162
valid2486,-1.0
valid2487,-0.81485643132237573
valid2488,-0.46709595959595968
valid2489,-0.62060461760461771
valid2490,-0.76643434343434336
valid2491,-0.5102597402597403
valid2492,-0.45423479135243838
valid2493,-0.68267142506616207
valid2494,-0.42301069518716583
valid2495,-0.79694505494505496
valid2496,-0.75595826395826404
valid2497,-0.36263419913419909
valid2498,-0.55361038961038955
valid2499,-0.95200000000000007
valid2500,0.19982136490960026
valid2501,-1.0
valid2502,-0.91555555555555546
valid2503,0.099522200022200025
valid2504,-1.0
valid2505,-0.69721212121212117
valid2506,-1.0
valid2507,-0.1512861582861583
valid2508,0.39263186813186812
valid2509,0.79790187590187611
valid2510,-0.14641558441558444
valid2511,-0.66461904761904744
valid2512,-0.24549783549783541
valid2513,0.94933333333333336
valid2514,-0.74475575886102197
valid2515,-0.24142446442446441
valid2516,-1.0
valid2517,0.054520368520368512
valid2518,-0.88533333333333331
valid2519,-0.44770163170163163
valid2520,0.17396275946275946
valid2521,-0.19491930291930296
valid2522,0.48315118215118225
valid2523,-1.0
valid2524,-0.57529082029082024
valid2525,-1.0
valid2526,-0.76396825396825396
valid2527,-0.8662564102564102
valid2528,-0.99384615384615382
valid2529,-0.94400000000000006
valid2530,-0.42878477078477084
valid2531,-0.9771428571428572
valid2532,-1.0
valid2533,-0.84379120879120872
valid2534,0.17754734154734159
valid2535,0.0058547465606289088
valid2536,0.17615584415584415
valid2537,-0.93000000000000005
valid2538,-0.052393051393051379
valid2539,-0.58992262639321458
valid2540,-0.98799999999999999
valid2541,-0.24402933908197069
valid2542,-0.85257142857142865
valid2543,-0.95909090909090911
valid2544,-0.47332611832611832
valid2545,-0.76941991341991345
valid2546,0.025636752136752154
valid2547,-0.99111111111111116
valid2548,-0.80848648083942198
valid2549,-0.90292307692307683
valid2550,-0.83319047619047626
valid2551,-0.80718281718281715
valid2552,0.18592307692307691
valid2553,-0.95285714285714274
valid2554,-0.56588744588744599
valid2555,-0.59715651015651017
valid2556,-0.75775396825396824
valid2557,-1.0
valid2558,-0.69767676767676756
valid2559,-1.0
valid2560,-1.0
valid2561,-1.0
valid2562,-1.0
valid2563,-0.85803418803418807
valid2564,0.48954660544134226
valid2565,0.22707448107448108
valid2566,-0.9244444444444444
valid2567,-0.81703030303030322
valid2568,0.34752214452214447
valid2569,-0.38295238095238099
valid2570,-0.68545556404379937
valid2571,-0.98045454545454547
valid2572,0.082086025086025069
valid2573,-1.0
valid2574,-0.90585714285714292
valid2575,-0.74491165044106222
valid2576,-0.99120879120879124
valid2577,-0.69833910533910537
valid2578,0.27682850482850485
valid2579,-0.63414585414585412
valid2580,-1.0
valid2581,-0.93651515151515141
valid2582,-0.95999999999999996
valid2583,-0.94372727272727275
valid2584,-0.50685436785436777
valid2585,0.061286269286269318
valid2586,-0.70282051282051283
valid2587,-0.53861383061383061
valid2588,-0.95628571428571429
valid2589,0.58205982905982911
valid2590,-0.71304917304917315
valid2591,-1.0
valid2592,0.632336542542425
valid2593,0.27249798567445627
valid2594,0.72526839826839828
valid2595,-0.51830752254281653
valid2596,-0.39894055359844843
valid2597,-0.7923015873015874
valid2598,-0.9073160173160173
valid2599,-0.96365384615384608
valid2600,-0.99428571428571433
valid2601,0.097930664107134677
valid2602,-0.2016567965917811
valid2603,-1.0
valid2604,0.072000737824267205
valid2605,-0.38628815628815621
valid2606,0.56913401218664383
valid2607,-0.67152114552114572
valid2608,-0.73080962020435725
valid2609,-0.0021016630428395099
valid2610,-0.066605450105450104
valid2611,-0.72746813712603187
valid2612,-0.66148495948495944
valid2613,0.11155755355755352
valid2614,-0.54296358543417367
valid2615,-0.5822355422355423
valid2616,-0.91749999999999998
valid2617,-0.76325541125541119
valid2618,0.49078998778998789
valid2619,-0.75526334776334769
valid2620,-1.0
valid2621,-0.9635555555555555
valid2622,-0.79605006105006115
valid2623,1.0
valid2624,-0.27085187327292592
valid2625,-0.996
valid2626,-0.99199999999999999
valid2627,-0.16743189816719231
valid2628,0.27835586635586634
valid2629,-0.34177489177489179
valid2630,-0.48256476856476865
valid2631,-0.63396333903454649
valid2632,-0.99428571428571433
valid2633,-0.62746164946164951
valid2634,-0.40472594072594076
valid2635,-0.74174802974802967
valid2636,-0.75231838749485813
valid2637,-0.47359546009546011
valid2638,-0.14698434898434901
valid2639,0.51904273504273502
valid2640,-0.98777777777777787
valid2641,-1.0
valid2642,-0.95999999999999996
